path,links,title
/tablesu/rus-wom11.html,0/1,?
/tablesu/uae-devotion02.html,0/1,?
/tablesu/uae-friend-ov.html,0/1,?
/tablesu/uae-friend86.html,0/1,?
/tablesu/uae-friend94.html,0/1,?
/tablesu/uae-friend96.html,0/1,?
/tablesu/uae-friend98.html,0/1,?
/tablesu/uae-friend99.html,0/1,?
/tablesu/uae-intern09.html,0/1,?
/tablesu/uae-intres.html,1/2,United Arab Emirates - List of International Matches
/tablesu/uae-rashid04.html,1/2,Sheikh Rashid bin Mohammed Ramadan International Football Championship (Dubai)
/tablesu/uae-wom03.html,0/1,?
/tablesu/uae-wom04.html,0/1,?
/tablesu/uae-wom05.html,0/1,?
/tablesu/uae-wom06.html,0/1,?
/tablesu/uae-wom07.html,0/1,?
/tablesu/uae-wom08.html,0/1,?
/tablesu/uae-wom09.html,0/1,?
/tablesu/uae-wom2010.html,0/1,?
/tablesu/uae-wom2011.html,0/1,?
/tablesu/uae-wom2012.html,0/1,?
/tablesu/uae-wom2013.html,0/1,?
/tablesu/uae-wom2014.html,0/1,?
/tablesu/uae-wom2015.html,0/1,?
/tablesu/uae-wom2017.html,0/1,?
/tablesu/uae-wom2018.html,0/1,?
/tablesu/uae-wom2024.html,0/2,?
/tablesu/uae-wom2025.html,3/2,United Arab Emirates (Women) 2025
/tablesu/uae-womchamp.html,18/2,United Arab Emirates - List of Women Champions
/tablesu/uae00.html,5/5,United Arab Emirates 1999/00
/tablesu/uae01.html,5/5,United Arab Emirates 2000/01
/tablesu/uae02.html,5/5,United Arab Emirates 2001/02
/tablesu/uae03.html,5/5,United Arab Emirates 2002/03
/tablesu/uae04.html,5/5,United Arab Emirates 2003/04
/tablesu/uae05.html,5/5,United Arab Emirates 2004/05
/tablesu/uae06.html,5/5,United Arab Emirates 2005/06
/tablesu/uae07.html,5/5,United Arab Emirates 2006/07
/tablesu/uae08.html,5/5,United Arab Emirates 2007/08
/tablesu/uae09.html,5/6,United Arab Emirates 2008/09
/tablesu/uae2010.html,5/6,United Arab Emirates 2009/10
/tablesu/uae2011.html,5/5,United Arab Emirates 2010/11
/tablesu/uae2012.html,5/5,United Arab Emirates 2011/12
/tablesu/uae2013.html,5/5,United Arab Emirates 2012/13
/tablesu/uae2014.html,5/5,United Arab Emirates 2013/14
/tablesu/uae2015.html,5/5,United Arab Emirates 2014/15
/tablesu/uae2016.html,5/5,United Arab Emirates 2015/16
/tablesu/uae2017.html,5/6,United Arab Emirates 2016/17
/tablesu/uae2018.html,5/6,United Arab Emirates 2017/18
/tablesu/uae2019.html,5/5,United Arab Emirates 2018/19
/tablesu/uae2020.html,5/5,United Arab Emirates 2019/20
/tablesu/uae2021.html,5/6,United Arab Emirates 2020/21
/tablesu/uae2022.html,5/5,United Arab Emirates 2021/22
/tablesu/uae2023.html,5/5,United Arab Emirates 2022/23
/tablesu/uae2024.html,5/5,United Arab Emirates 2023/24
/tablesu/uae2025.html,5/5,United Arab Emirates 2024/25
/tablesu/uae2026.html,4/6,United Arab Emirates 2025/26
/tablesu/uae2champ.html,1/2,United Arab Emirates - List of Second Level Champions
/tablesu/uae74.html,4/4,United Arab Emirates 1973/74
/tablesu/uae75.html,5/6,United Arab Emirates 1974/75
/tablesu/uae83.html,5/3,United Arab Emirates 1982/83
/tablesu/uae84.html,6/5,United Arab Emirates 1983/84
/tablesu/uae86.html,6/4,United Arab Emirates 1985/86
/tablesu/uae87.html,5/3,United Arab Emirates 1986/87
/tablesu/uae88.html,6/6,United Arab Emirates 1987/88
/tablesu/uae89.html,6/4,United Arab Emirates 1988/89
/tablesu/uae90.html,6/4,United Arab Emirates 1989/90
/tablesu/uae92.html,6/6,United Arab Emirates 1991/92
/tablesu/uae93.html,5/5,United Arab Emirates 1992/93
/tablesu/uae94.html,5/5,United Arab Emirates 1993/94
/tablesu/uae95.html,5/5,United Arab Emirates 1994/95
/tablesu/uae96.html,5/5,United Arab Emirates 1995/96
/tablesu/uae97.html,5/6,United Arab Emirates 1996/97
/tablesu/uae98.html,5/6,United Arab Emirates 1997/98
/tablesu/uae99.html,5/5,United Arab Emirates 1998/99
/tablesu/uaealltime.html,1/2,UAE All-Time Table
/tablesu/uaechamp.html,45/45,United Arab Emirates - List of Champions
/tablesu/uaecuphist.html,39/46,United Arab Emirates - List of Cup Winners
/tablesu/uaefound.html,1/2,UAE - Foundation Dates
/tablesu/uar61.html,7/5,United Arab Republic 1960/61
/tablesu/uberlandiafuts2014.html,1/1,Nations Cup Uberlândia (Futsal) 2014
/tablesu/ubogota-veneztrip52.html,1/2,Universidad de Bogotá Trip to Venezuela 1952
/tablesu/ucatolica-veneztrip54.html,1/2,Universidad Católica Trip to Venezuela 1954
/tablesu/uchile-argtrip47.html,1/2,Universidad de Chile Trip to Argentina 1947
/tablesu/uda.html,2/3,UDA Cup (Indonesia)
/tablesu/udeac.html,17/19,Coupe UDEAC and Coupe de la CEMAC
/tablesu/udeac84.html,4/3,Coupe UDEAC 1984
/tablesu/udeac85.html,5/4,Coupe UDEAC 1985
/tablesu/udeac86.html,5/4,Coupe UDEAC 1986
/tablesu/udeac87.html,4/4,Coupe UDEAC 1987
/tablesu/udeac88.html,4/4,Coupe UDEAC 1988
/tablesu/udeac89.html,5/4,Coupe UDEAC 1989
/tablesu/udeac90.html,5/5,Coupe UDEAC 1990
/tablesu/uefa-amateur.html,2/3,UEFA Amateur Cup
/tablesu/uefa-regions.html,15/15,UEFA Regions Cup
/tablesu/uefa-regions01.html,4/3,UEFA Regions Cup 2000/01
/tablesu/uefa-regions03.html,4/3,UEFA Regions Cup 2002/03
/tablesu/uefa-regions05.html,4/3,UEFA Regions Cup 2004/05
/tablesu/uefa-regions07.html,4/3,UEFA Regions Cup 2006/07
/tablesu/uefa-regions09.html,4/3,UEFA Regions Cup 2008/09
/tablesu/uefa-regions2011.html,4/3,UEFA Regions Cup 2010/11
/tablesu/uefa-regions2013.html,4/3,UEFA Regions Cup 2012/13
/tablesu/uefa-regions2015.html,4/3,UEFA Regions Cup 2014/15
/tablesu/uefa-regions2017.html,4/3,UEFA Regions Cup 2016/17
/tablesu/uefa-regions2019.html,4/3,UEFA Regions Cup 2018/19
/tablesu/uefa-regions2023.html,4/3,UEFA Regions Cup 2022/23
/tablesu/uefa-regions2025.html,3/3,UEFA Regions Cup 2024/25
/tablesu/uefa-regions99.html,3/3,UEFA Regions Cup 1999
/tablesu/uefanl.html,5/5,UEFA Nations League
/tablesu/uefawnl.html,3/4,UEFA Women Nations League
/tablesu/uemoa.html,9/9,Tournoi de l'UEMOA
/tablesu/uemoa07.html,5/2,Tournoi de l'UEMOA 2007
/tablesu/uemoa08.html,8/5,Tournoi de l'UEMOA 2008
/tablesu/uemoa09.html,6/3,Tournoi de l'UEMOA 2009
/tablesu/uemoa2010.html,4/3,Tournoi de l'UEMOA 2010
/tablesu/uemoa2011.html,4/3,Tournoi de l'UEMOA 2011
/tablesu/uemoa2013.html,4/3,Tournoi de l'UEMOA 2013
/tablesu/uemoa2016.html,3/4,Tournoi de l'UEMOA 2016
/tablesu/uffoi.html,7/7,Indian Ocean Champions Cup
/tablesu/uffoi2011.html,3/2,Indian Ocean Champions Cup 2011
/tablesu/uffoi2012.html,4/3,Indian Ocean Champions Cup 2012
/tablesu/uffoi2013.html,4/3,Indian Ocean Champions Cup 2013
/tablesu/uffoi2014.html,4/3,Indian Ocean Champions Cup 2014
/tablesu/uffoi2015.html,4/3,Indian Ocean Champions Cup 2015
/tablesu/uffoi2016.html,3/3,Indian Ocean Champions Cup 2016
/tablesu/ufoa-cadets97.html,0/1,?
/tablesu/ufoa-u20-08.html,5/6,Tournoi de l'UFOA (U-20) 2008
/tablesu/ufoaa-u20.html,7/5,Tournoi de l'UFOA Zone A (U-20)
/tablesu/ufoaa-u20-2018.html,2/1,Tournoi de l'UFOA Zone A (U-20) 2018
/tablesu/ufoaa-u20-2019.html,2/1,Tournoi de l'UFOA Zone A (U-20) 2019
/tablesu/ufoab-u20.html,6/4,Tournoi de l'UFOA Zone B (U-20)
/tablesu/ufoab-u20-2026.html,2/1,Tournoi de l'UFOA Zone B (U-20) 2026
/tablesu/ufulu64.html,0/2,?
/tablesu/uga-ind62.html,2/3,Uganda Independence Tournament 1962
/tablesu/uga-ind63.html,4/5,Uganda Independence Anniversary Cup 1963
/tablesu/uhren.html,1/3,Coupe Horlogère - Uhren Cup (Switzerland)
/tablesu/uic00.html,2/1,UEFA Intertoto Cup 2000
/tablesu/uic01.html,2/2,UEFA Intertoto Cup 2001
/tablesu/uic02.html,2/1,UEFA Intertoto Cup 2002
/tablesu/uic03.html,2/2,UEFA Intertoto Cup 2003
/tablesu/uic04.html,3/2,UEFA Intertoto Cup 2004
/tablesu/uic04det.html,2/1,UEFA Intertoto Cup 2004 - Details
/tablesu/uic05.html,3/2,UEFA Intertoto Cup 2005
/tablesu/uic05det.html,2/1,UEFA Intertoto Cup 2005 - Details
/tablesu/uic06.html,3/2,UEFA Intertoto Cup 2006
/tablesu/uic06det.html,2/1,UEFA Intertoto Cup 2006 - Match Details
/tablesu/uic07.html,3/2,UEFA Intertoto Cup 2007
/tablesu/uic07det.html,2/1,UEFA Intertoto Cup 2007 - Match Details
/tablesu/uic08.html,3/3,UEFA Intertoto Cup 2008
/tablesu/uic08det.html,2/1,UEFA Intertoto Cup 2008 - Match Details
/tablesu/uic95.html,2/1,UEFA Intertoto Cup 1995
/tablesu/uic96.html,2/1,UEFA Intertoto Cup 1996
/tablesu/uic97.html,2/1,UEFA Intertoto Cup 1997
/tablesu/uic98.html,2/2,UEFA Intertoto Cup 1998
/tablesu/uic99.html,2/1,UEFA Intertoto Cup 1999
/tablesu/uicalltime.html,1/2,UI Cup - All-Time Tables
/tablesu/ula-braziltrip81.html,1/2,ULA Mérida Trip to Brazil 1981
/tablesu/umbro95.html,0/1,?
/tablesu/umbro96.html,2/3,Umbro Cup 1996
/tablesu/umbro97.html,2/3,Umbro Cup 1997
/tablesu/umniah2018.html,1/1,Umniah Cup (Amman) 2018
/tablesu/uncaf.html,17/22,UNCAF Tournaments
/tablesu/uncaf-club.html,19/13,UNCAF Club Championships
/tablesu/uncaf-u16.html,0/2,?
/tablesu/uncaf-women99.html,3/3,Copa de Naciones UNCAF 1999 (Women's Tournament)
/tablesu/undesa07.html,0/1,?
/tablesu/unibolo.html,1/2,Universitario v Bolognesi
/tablesu/unicariocas-satrip33.html,1/3,Río de la Plata Trip of Universitarios Cariocas 1933
/tablesu/unifac99.html,2/2,Unifac Cup 1999
/tablesu/unifac99det.html,2/2,Unifac Cup 1999 - Match Details
/tablesu/uniffac.html,4/4,Coupe de l'Uniffac
/tablesu/uniffac-u17-09.html,0/1,?
/tablesu/uniffac04.html,3/2,Coupe de l'Uniffac 2004
/tablesu/uniffac05.html,4/3,Coupe de l'Uniffac 2005
/tablesu/uniffac06.html,3/3,Coupe de l'Uniffac 2006
/tablesu/union-congotour57.html,1/2,R. Union Saint Gilloise Tour of Congo 1957
/tablesu/union-urutrip23.html,1/3,Unión (Santa Fe) Trip to Uruguay 1923
/tablesu/unioncurtidores.html,1/2,Club Deportivo Unión de Curtidores
/tablesu/unionsc-curacaotrip31.html,2/3,Unión Sport Club Trip to Curacao 1931
/tablesu/unionsc-curacaotrip32.html,3/4,Unión Sport Club Trip to Curacao 1932
/tablesu/unionsc-curacaotrip47.html,2/3,Unión Sport Club Trip to Curacao 1947
/tablesu/unisudam76.html,0/2,?
/tablesu/unitedrusoekr2013.html,0/1,?
/tablesu/unitedrusoekr2014.html,0/1,?
/tablesu/univamerica00.html,0/2,?
/tablesu/universal-braztrip23.html,1/2,Brazilian Trip of Universal FC (Montevideo) 1923
/tablesu/universitario.html,1/2,Universitario de Deportes
/tablesu/universitario50-74.html,0/2,?
/tablesu/unpo05.html,2/2,UNPO Cup 2005
/tablesu/uonward-braztrip24.html,1/2,Brazilian Trip of Uruguay Onward 1924
/tablesu/uralita.html,1/2,Trofeo Uralita de Getafe
/tablesu/uru-aigua.html,5/3,Uruguay - Liga de Fútbol de Zona Aiguá (Maldonado)
/tablesu/uru-canelones.html,0/1,?
/tablesu/uru-ccci00.html,7/3,Uruguay - Campeonato de Clubes Campeones del Interior 2000
/tablesu/uru-ccci00full.html,3/2,Uruguay - Campeonato de Clubes Campeones del Interior 2000
/tablesu/uru-ccci01.html,5/2,Uruguay - Campeonato de Clubes Campeones del Interior 2001
/tablesu/uru-ccci02.html,5/3,Uruguay - Campeonato de Clubes Campeones del Interior 2002
/tablesu/uru-ccci03.html,4/11,Uruguay - Campeonato de Clubes Campeones del Interior 2003
/tablesu/uru-ccci65.html,4/1,Uruguay - Campeonato de Clubes Campeones del Interior 1965
/tablesu/uru-ccci66.html,5/2,Uruguay - Campeonato de Clubes Campeones del Interior 1966
/tablesu/uru-ccci67.html,5/2,Uruguay - Campeonato de Clubes Campeones del Interior 1967
/tablesu/uru-ccci68.html,5/2,Uruguay - Campeonato de Clubes Campeones del Interior 1968
/tablesu/uru-ccci69.html,5/2,Uruguay - Campeonato de Clubes Campeones del Interior 1969
/tablesu/uru-ccci70.html,5/2,Uruguay - Campeonato de Clubes Campeones del Interior 1970
/tablesu/uru-ccci71.html,6/3,Uruguay - Campeonato de Clubes Campeones del Interior 1971
/tablesu/uru-ccci72.html,5/2,Uruguay - Campeonato de Clubes Campeones del Interior 1972
/tablesu/uru-ccci73.html,6/3,Uruguay - Campeonato de Clubes Campeones del Interior 1973
/tablesu/uru-ccci74.html,6/3,Uruguay - Campeonato de Clubes Campeones del Interior 1974
/tablesu/uru-ccci75.html,5/2,Uruguay - Campeonato de Clubes Campeones del Interior 1975
/tablesu/uru-ccci76.html,5/2,Uruguay - Campeonato de Clubes Campeones del Interior 1976
/tablesu/uru-ccci77.html,5/2,Uruguay - Campeonato de Clubes Campeones del Interior 1977
/tablesu/uru-ccci78.html,5/2,Uruguay - Campeonato de Clubes Campeones del Interior 1978
/tablesu/uru-ccci79.html,5/2,Uruguay - Campeonato de Clubes Campeones del Interior 1979
/tablesu/uru-ccci80.html,5/2,Uruguay - Campeonato de Clubes Campeones del Interior 1980
/tablesu/uru-ccci81.html,6/3,Uruguay - Campeonato de Clubes Campeones del Interior 1981
/tablesu/uru-ccci82.html,5/2,Uruguay - Campeonato de Clubes Campeones del Interior 1982
/tablesu/uru-ccci83.html,5/2,Uruguay - Campeonato de Clubes Campeones del Interior 1983
/tablesu/uru-ccci84.html,5/2,Uruguay - Campeonato de Clubes Campeones del Interior 1984
/tablesu/uru-ccci85.html,5/2,Uruguay - Campeonato de Clubes Campeones del Interior 1985
/tablesu/uru-ccci86.html,5/2,Uruguay - Campeonato de Clubes Campeones del Interior 1986
/tablesu/uru-ccci87.html,5/2,Uruguay - Campeonato de Clubes Campeones del Interior 1987
/tablesu/uru-ccci88.html,5/2,Uruguay - Campeonato de Clubes Campeones del Interior 1988
/tablesu/uru-ccci89.html,5/2,Uruguay - Campeonato de Clubes Campeones del Interior 1989
/tablesu/uru-ccci90.html,5/2,Uruguay - Campeonato de Clubes Campeones del Interior 1990
/tablesu/uru-ccci91.html,5/2,Uruguay - Campeonato de Clubes Campeones del Interior 1991
/tablesu/uru-ccci92.html,6/5,Uruguay - Campeonato de Clubes Campeones del Interior 1992
/tablesu/uru-ccci93.html,5/3,Uruguay - Campeonato de Clubes Campeones del Interior 1993
/tablesu/uru-ccci94.html,5/2,Uruguay - Campeonato de Clubes Campeones del Interior 1994
/tablesu/uru-ccci95.html,5/3,Uruguay - Campeonato de Clubes Campeones del Interior 1995
/tablesu/uru-ccci96.html,6/4,Uruguay - Campeonato de Clubes Campeones del Interior 1996
/tablesu/uru-ccci96det.html,3/2,Uruguay - Campeonato de Clubes Campeones del Interior 1996 - Details
/tablesu/uru-ccci97.html,6/3,Uruguay - Campeonato de Clubes Campeones del Interior 1997
/tablesu/uru-ccci98.html,6/3,Uruguay - Campeonato de Clubes Campeones del Interior 1998
/tablesu/uru-ccci99.html,7/3,Uruguay - Campeonato de Clubes Campeones del Interior 1999
/tablesu/uru-cccibalance.html,3/1,Copa El País (Uruguay) 1965-2002 Club Histories
/tablesu/uru-cccitrivia.html,3/1,Copa El País (Uruguay) - Trivia
/tablesu/uru-ccomp1904.html,4/3,Uruguay - Copa Competencia 1904
/tablesu/uru-ccomp1905.html,5/4,Uruguay - Copa Competencia 1905
/tablesu/uru-ccomp1909.html,6/6,Uruguay - Copa Competencia 1909
/tablesu/uru-ccomp1910.html,6/6,Uruguay - Copa Competencia 1910
/tablesu/uru-ccomp1911.html,6/6,Uruguay - Copa Competencia 1911
/tablesu/uru-ccomp1912.html,6/6,Uruguay - Copa Competencia 1912
/tablesu/uru-ccomp1913.html,6/6,Uruguay - Copa Competencia 1913
/tablesu/uru-ccomp1914.html,6/6,Uruguay - Copa Competencia 1914
/tablesu/uru-ccomp1915.html,6/6,Uruguay - Copa Competencia 1915
/tablesu/uru-ccomp1916.html,6/6,Uruguay - Copa Competencia 1916
/tablesu/uru-ccomp1917.html,6/7,Uruguay - Copa Competencia 1917
/tablesu/uru-ccomp1918.html,6/8,Uruguay - Copa Competencia 1918
/tablesu/uru-ccomp1919.html,4/3,Uruguay - Copa Competencia 1919
/tablesu/uru-centronorte.html,0/1,?
/tablesu/uru-centrosoriano.html,0/1,?
/tablesu/uru-cerrolargo-dpt.html,0/1,?
/tablesu/uru-charqueada.html,3/2,Uruguay - Liga de Fútbol de la Charqueada (Treinta y Tres)
/tablesu/uru-colonia.html,5/4,Uruguay - Liga de Fútbol de Colonia
/tablesu/uru-colonia-dpt.html,5/5,Uruguay - Campeonato Departamental de Colonia
/tablesu/uru-colonia-dpt01.html,8/4,Uruguay 2001 - Campeonatos Departamentales de Colonia
/tablesu/uru-colonia-dpt02.html,9/3,Uruguay 2002 - Campeonatos Departamentales de Colonia
/tablesu/uru-colonia01.html,9/3,Uruguay 2001 - Liga de Fútbol de Colonia
/tablesu/uru-colonia02.html,9/2,Uruguay 2002 - Liga de Fútbol de Colonia
/tablesu/uru-competencia.html,4/3,Torneo Competencia Uruguay - Professional Era
/tablesu/uru-competencia-hist.html,2/3,Uruguay - Torneo Competencia All Results
/tablesu/uru-copaprep87.html,0/2,?
/tablesu/uru-derbies.html,1/2,Uruguayan Derby - Peñarol vs. Nacional
/tablesu/uru-diss-intres.html,2/2,Uruguay International Matches Dissident Association 1922-1925
/tablesu/uru-dolores.html,0/1,?
/tablesu/uru-durazno.html,5/2,Uruguay - Liga Ciudad de Durazno
/tablesu/uru-durazno01.html,7/3,Uruguay 2001 - Liga de Football Ciudad de Durazno
/tablesu/uru-durazno02.html,8/2,Uruguay 2002 - Liga de Football Ciudad de Durazno
/tablesu/uru-ecildapaullier.html,0/1,?
/tablesu/uru-estechamp.html,2/4,Uruguay - Champions of the Este
/tablesu/uru-eurotrip24.html,2/3,European Trip of Uruguay 1924
/tablesu/uru-facetoface.html,1/2,Uruguay Championship - Face-to-Face 1932-2004
/tablesu/uru-florida.html,6/4,Uruguay - Liga de Fútbol de Florida
/tablesu/uru-florida-dpt.html,0/1,?
/tablesu/uru-florida00.html,6/2,Uruguay 2000 - Liga de Fútbol de Florida
/tablesu/uru-florida01.html,8/4,Uruguay 2001 - Liga de Fútbol de Florida
/tablesu/uru-florida02.html,8/2,Uruguay 2002 - Liga de Fútbol de Florida
/tablesu/uru-giefi.html,6/106,Uruguay - GIEFI (Fútbol del Interior)
/tablesu/uru-intres.html,11/12,Uruguay - International Results
/tablesu/uru-intres1995.html,3/3,Uruguay - International Matches 1991-1995
/tablesu/uru-intres2000.html,4/4,Uruguay - International Matches 1996-2000
/tablesu/uru-intres2005.html,4/4,Uruguay - International Matches 2001-2005
/tablesu/uru-intres2010.html,4/3,Uruguay - International Matches 2006-2010
/tablesu/uru-intres2015.html,4/3,Uruguay - International Matches 2011-2015
/tablesu/uru-intres2020.html,4/3,Uruguay - International Matches 2016-2020
/tablesu/uru-intres2024.html,4/3,Uruguay - International Matches 2021-2025
/tablesu/uru-intres2030.html,3/2,Uruguay - International Matches 2026-2030
/tablesu/uru-libertad.html,0/1,?
/tablesu/uru-lig-alltime.html,1/123,Uruguay - All-Time Table Liguilla 1975-2009
/tablesu/uru-litoralchamp.html,1/7,Uruguay - Champions of the Litoral
/tablesu/uru-maldonado-cap.html,6/5,Uruguay - Liga Capital de Fútbol (Maldonado)
/tablesu/uru-maldonado-dpt.html,12/5,Uruguay - Torneo Departamental de Maldonado
/tablesu/uru-maldonado-int01.html,9/5,Uruguay 2001 - Ligas Federadas de Maldonado
/tablesu/uru-maldonado-int02.html,10/4,Uruguay 2002 - Ligas Federadas de Maldonado
/tablesu/uru-maldonado00.html,8/3,Uruguay 2000 - Liga Mayor de Maldonado
/tablesu/uru-maldonado01.html,10/4,Uruguay 2001 - Liga Mayor de Maldonado
/tablesu/uru-maldonado02.html,10/2,Uruguay 2002 - Liga Mayor de Maldonado
/tablesu/uru-melo.html,0/1,?
/tablesu/uru-mercedes.html,0/1,?
/tablesu/uru-minas.html,5/2,Uruguay - Liga Minuana de Fútbol de Lavalleja
/tablesu/uru-minas01.html,8/3,Uruguay 2001 - Liga Minuana de Fútbol de Lavalleja
/tablesu/uru-minas02.html,8/2,Uruguay 2002 - Liga Minuana de Fútbol de Lavalleja
/tablesu/uru-nortechamp.html,6/3,Uruguay - Champions of the Confederaciones del Norte and Noreste and Litoral Norte
/tablesu/uru-ofi-u15-02.html,3/1,OFI Torneo Nacional U-15 2002 (Uruguay)
/tablesu/uru-ofi-youth.html,2/5,Uruguay OFI (Interior) Youth Championships
/tablesu/uru-ofi00.html,19/6,Uruguay 2000 Futbol del Interior (OFI)
/tablesu/uru-ofi01.html,15/8,Uruguay 2001 Futbol del Interior (OFI)
/tablesu/uru-ofi02.html,16/4,Uruguay 2002 Futbol del Interior (OFI)
/tablesu/uru-ofi99.html,18/5,Uruguay 1999 Futbol del Interior (OFI)
/tablesu/uru-ofichamp.html,9/206,Uruguay - List of Champions O.F.I. (Clubes del Interior)
/tablesu/uru-pasodelostoros.html,0/1,?
/tablesu/uru-paysandu.html,5/2,Uruguay - Liga Departamental de Fútbol de Paysandú
/tablesu/uru-paysandu-int01.html,6/2,Uruguay 2002 - Sector Interior de Paysandú
/tablesu/uru-paysandu-int02.html,6/1,Uruguay 2002 - Federación Sanducera de Fútbol del Interior
/tablesu/uru-paysandu01.html,7/3,Uruguay 2001 - Liga Departamental de Fútbol de Paysandú
/tablesu/uru-paysandu02.html,8/2,Uruguay 2002 - Liga Departamental de Fútbol de Paysandú
/tablesu/uru-regchamp01.html,16/13,Uruguay - Regional Champions 2001
/tablesu/uru-regchamp02.html,4/16,Uruguay - Regional Championships 2002
/tablesu/uru-regchamp03.html,3/2,Uruguay - Regional Championships 2003
/tablesu/uru-regional.html,3/123,Uruguay - Regional Leagues
/tablesu/uru-regionaleste.html,0/1,?
/tablesu/uru-riobranco.html,0/1,?
/tablesu/uru-rivera.html,5/3,Uruguay - Liga Departamental de Fútbol de Rivera
/tablesu/uru-rivera01.html,7/3,Uruguay 2001 - Liga Departamental de Fútbol de Rivera
/tablesu/uru-rivera02.html,8/2,Uruguay 2002 - Liga Departamental de Fútbol de Rivera
/tablesu/uru-rocha.html,5/4,Uruguay - Liga Rochense de Fútbol
/tablesu/uru-rocha-dpt.html,4/4,Uruguay - Campeonato Departamental de Rocha
/tablesu/uru-rocha-dpt02.html,8/2,Uruguay 2002 - Campeonato Integración Departamental de Rocha
/tablesu/uru-rocha01.html,8/3,Uruguay 2001 - Liga Rochense de Fútbol
/tablesu/uru-rocha02.html,9/2,Uruguay 2002 - Liga Rochense de Fútbol
/tablesu/uru-sancarlos.html,4/4,"Uruguay - Liga Carolina de Fútbol (San Carlos, Maldonado)"
/tablesu/uru-sanjose-dpt.html,0/1,?
/tablesu/uru-santaclara.html,4/2,"Uruguay - Liga Regional de Fútbol de Olimar (Santa Clara de Olimar, Treinta y Tres)"
/tablesu/uru-supcopa71.html,5/2,Uruguay - Supercopa del Interior 1971
/tablesu/uru-supcopa73.html,6/3,Uruguay - Supercopa del Interior 1973
/tablesu/uru-supcopa74.html,6/3,Uruguay - Supercopa del Interior 1974
/tablesu/uru-supcopa81.html,6/3,Uruguay - Supercopa del Interior 1981
/tablesu/uru-supcopa92.html,5/2,Uruguay - Supercopa del Interior 1992
/tablesu/uru-surchamp.html,1/5,Uruguay - Champions of the Confederación del Sur
/tablesu/uru-tacuarembo.html,0/1,?
/tablesu/uru-tmi00.html,5/2,Uruguay - Torneo Mayor del Interior 2000
/tablesu/uru-tmi98.html,5/3,Uruguay - Torneo Mayor del Interior 1998
/tablesu/uru-tmi99.html,6/3,Uruguay - Torneo Mayor del Interior 1999
/tablesu/uru-torneo-interiorchamp.html,10/125,Uruguay - List of Winners of the Campeonato de Selecciones del Interior
/tablesu/uru-treintaytres-dpt.html,8/3,Uruguay - Campeonato Departamental de Treinta y Tres
/tablesu/uru-treintaytres-int02.html,9/2,Uruguay 2002 - Sector Interior del Fútbol de Treinta y Tres
/tablesu/uru-trinidad.html,0/1,?
/tablesu/uru-wccci01.html,4/2,Uruguay - Campeonato de Clubes Campeones del Interior 2001 (Women)
/tablesu/uru-wccci02.html,4/1,Uruguay - Campeonato de Clubes Campeones del Interior 2002 (Women)
/tablesu/uru-wcq.html,0/2,?
/tablesu/uru-wom00.html,4/4,Uruguay 2000 Women Championship
/tablesu/uru-wom01.html,5/4,Uruguay 2001 Women Championship
/tablesu/uru-wom02.html,4/4,Uruguay 2002 Women Championship
/tablesu/uru-wom03.html,4/3,Uruguay 2003 Women Championship
/tablesu/uru-wom04.html,4/3,Uruguay 2004 Women Championship
/tablesu/uru-wom05.html,4/3,Uruguay 2005 Women Championship
/tablesu/uru-wom06.html,4/3,Uruguay 2006 Women Championship
/tablesu/uru-wom07.html,4/4,Uruguay 2007 Women Championship
/tablesu/uru-wom08.html,4/3,Uruguay 2008 Women Championship
/tablesu/uru-wom09.html,4/3,Uruguay 2009 Women Championship
/tablesu/uru-wom2010.html,4/3,Uruguay 2010 Women Championship
/tablesu/uru-wom2011.html,4/3,Uruguay 2011 Women Championship
/tablesu/uru-wom2012.html,4/4,Uruguay 2012 Women Championship
/tablesu/uru-wom2013.html,4/5,Uruguay 2013 Women Championship
/tablesu/uru-wom2014.html,4/4,Uruguay 2014 Women Championship
/tablesu/uru-wom2015.html,4/4,Uruguay 2015 Women Championship
/tablesu/uru-wom2016.html,4/4,Uruguay 2016 Women Championship
/tablesu/uru-wom2017.html,4/4,Uruguay 2017 Women Championship
/tablesu/uru-wom2018.html,4/4,Uruguay 2018 Women Championship
/tablesu/uru-wom2019.html,4/3,Uruguay 2019 Women Championship
/tablesu/uru-wom2020.html,4/4,Uruguay 2020 Women Championship
/tablesu/uru-wom2021.html,4/3,Uruguay 2021/22 Women Championship
/tablesu/uru-wom2022.html,4/4,Uruguay 2022 Women Championship
/tablesu/uru-wom2023.html,4/4,Uruguay 2023 Women Championship
/tablesu/uru-wom2024.html,4/4,Uruguay 2024 Women Championship
/tablesu/uru-wom2025.html,3/3,Uruguay 2025 Women Championship
/tablesu/uru-wom96.html,3/2,Uruguay 1996 Women Championship
/tablesu/uru-wom99.html,4/4,Uruguay 1999 Women Championship
/tablesu/uru-womchamp.html,30/29,Uruguay - List of Women Champions (Montevideo)
/tablesu/uru-zoeste.html,5/3,Uruguay - Liga de Fútbol de Zona Oeste (Maldonado)
/tablesu/uru00.html,19/14,Uruguay 2000 Championship
/tablesu/uru01.html,19/8,Uruguay 2001 Championship
/tablesu/uru02.html,19/7,Uruguay 2002 Championship
/tablesu/uru03.html,18/7,Uruguay 2003 Championship
/tablesu/uru04.html,18/7,Uruguay 2004
/tablesu/uru05.html,18/6,Uruguay 2005
/tablesu/uru06.html,18/6,Uruguay 2005/06
/tablesu/uru07.html,18/7,Uruguay 2006/07
/tablesu/uru08.html,18/6,Uruguay 2007/08
/tablesu/uru09.html,20/6,Uruguay 2008/09
/tablesu/uru2-00.html,18/4,Uruguay Second Level 2000
/tablesu/uru2-01.html,16/3,Uruguay 2001 Second Level
/tablesu/uru2-02.html,20/4,Uruguay 2002 Second Level
/tablesu/uru2-03.html,17/5,Uruguay 2003 Second Level
/tablesu/uru2-04.html,17/4,Uruguay Second Level 2004
/tablesu/uru2-05.html,18/4,Uruguay Second Level 2005
/tablesu/uru2-06.html,19/4,Uruguay Second Level 2006
/tablesu/uru2-07.html,17/4,Uruguay Second Level 2006/07
/tablesu/uru2-08.html,18/6,Uruguay Second Level 2007/08
/tablesu/uru2-09.html,18/5,Uruguay Second Level 2008/09
/tablesu/uru2-60.html,15/4,Uruguay Second Level 1960
/tablesu/uru2-61.html,15/4,Uruguay Second Level 1961
/tablesu/uru2-62.html,15/4,Uruguay Second Level 1962
/tablesu/uru2-63.html,15/4,Uruguay Second Level 1963
/tablesu/uru2-64.html,15/4,Uruguay Second Level 1964
/tablesu/uru2-66.html,15/4,Uruguay Second Level 1966
/tablesu/uru2-67.html,15/4,Uruguay Second Level 1967
/tablesu/uru2-68.html,15/4,Uruguay Second Level 1968
/tablesu/uru2-70.html,15/4,Uruguay Second Level 1970
/tablesu/uru2-71.html,15/4,Uruguay Second Level 1971
/tablesu/uru2-72.html,15/4,Uruguay Second Level 1972
/tablesu/uru2-73.html,15/4,Uruguay Second Level 1973
/tablesu/uru2-74.html,15/4,Uruguay Second Level 1974
/tablesu/uru2-75.html,15/4,Uruguay Second Level 1975
/tablesu/uru2-76.html,15/4,Uruguay Second Level 1976
/tablesu/uru2-77.html,15/4,Uruguay Second Level 1977
/tablesu/uru2-78.html,15/4,Uruguay Second Level 1978
/tablesu/uru2-79.html,15/4,Uruguay Second Level 1979
/tablesu/uru2-80.html,15/4,Uruguay Second Level 1980
/tablesu/uru2-81.html,15/3,Uruguay Second Level 1981
/tablesu/uru2-82.html,15/3,Uruguay Second Level 1982
/tablesu/uru2-99.html,17/4,Uruguay 1999 Segunda División Profesional (2nd level)
/tablesu/uru2010.html,18/8,Uruguay 2009/10
/tablesu/uru2011.html,16/6,Uruguay 2010/11
/tablesu/uru2012.html,16/6,Uruguay 2011/12
/tablesu/uru2013.html,16/6,Uruguay 2012/13
/tablesu/uru2014.html,16/6,Uruguay 2013/14
/tablesu/uru2015.html,16/6,Uruguay 2014/15
/tablesu/uru2016.html,16/6,Uruguay 2015/16
/tablesu/uru2016a.html,16/5,Uruguay 2016
/tablesu/uru2017.html,16/6,Uruguay 2017
/tablesu/uru2018.html,16/6,Uruguay 2018
/tablesu/uru2019.html,16/7,Uruguay 2019
/tablesu/uru2020.html,16/7,Uruguay 2020/21
/tablesu/uru2021.html,16/8,Uruguay 2021
/tablesu/uru2022.html,16/8,Uruguay 2022
/tablesu/uru2023.html,16/8,Uruguay 2023
/tablesu/uru2024.html,16/8,Uruguay 2024
/tablesu/uru2025.html,16/8,Uruguay 2025
/tablesu/uru2026.html,15/6,Uruguay 2026
/tablesu/uru2champ.html,87/125,Uruguay - List of Champions Second Division (Primera B)
/tablesu/uru3-00.html,18/4,Uruguay Third Level 2000
/tablesu/uru3-01.html,16/3,Uruguay 2001 Third Level
/tablesu/uru3-02.html,20/4,Uruguay 2002 Third Level
/tablesu/uru3-03.html,18/5,Uruguay 2003 Third Level
/tablesu/uru3-04.html,17/5,Uruguay Third Level 2004
/tablesu/uru3-05.html,18/4,Uruguay Third Level 2005
/tablesu/uru3-06.html,19/7,Uruguay Third Level 2006
/tablesu/uru3-08.html,18/6,Uruguay Third Level 2007/08
/tablesu/uru3-09.html,18/5,Uruguay Third Level 2008/09
/tablesu/uru3-99.html,17/4,Uruguay 1999 Liga Metropolitana Amateur (3rd level)
/tablesu/uru32.html,16/4,Uruguay 1932 Championship
/tablesu/uru33.html,16/5,Uruguay 1933 Championship
/tablesu/uru34.html,16/5,Uruguay 1934 Championship
/tablesu/uru35.html,16/5,Uruguay 1935 Championship
/tablesu/uru36.html,16/5,Uruguay 1936 Championship
/tablesu/uru37.html,16/5,Uruguay 1937 Championship
/tablesu/uru38.html,16/5,Uruguay 1938 Championship
/tablesu/uru39.html,16/5,Uruguay 1939 Championship
/tablesu/uru3champ.html,31/124,Uruguay - List of Champions Third Division (Primera C/Intermedia/Liga Amateur Metropolitana)
/tablesu/uru40.html,16/5,Uruguay 1940 Championship
/tablesu/uru41.html,16/5,Uruguay 1941 Championship
/tablesu/uru42.html,16/6,Uruguay 1942 Championship
/tablesu/uru43.html,16/6,Uruguay 1943 Championship
/tablesu/uru44.html,16/6,Uruguay 1944 Championship
/tablesu/uru45.html,16/6,Uruguay 1945 Championship
/tablesu/uru46.html,16/6,Uruguay 1946 Championship
/tablesu/uru47.html,16/6,Uruguay 1947 Championship
/tablesu/uru48.html,16/6,Uruguay 1948 Championship
/tablesu/uru49.html,16/6,Uruguay 1949 Championship
/tablesu/uru4champ.html,6/2,Uruguay - List of Champions Fourth Division
/tablesu/uru50.html,16/6,Uruguay 1950 Championship
/tablesu/uru51.html,16/7,Uruguay 1951 Championship
/tablesu/uru52.html,16/6,Uruguay 1952 Championship
/tablesu/uru53.html,16/7,Uruguay 1953 Championship
/tablesu/uru54.html,16/6,Uruguay 1954 Championship
/tablesu/uru55.html,16/6,Uruguay 1955 Championship
/tablesu/uru56.html,16/6,Uruguay 1956 Championship
/tablesu/uru57.html,16/6,Uruguay 1957 Championship
/tablesu/uru58.html,16/6,Uruguay 1958 Championship
/tablesu/uru59.html,17/7,Uruguay 1959 Championship
/tablesu/uru65.html,17/9,Uruguay 1965
/tablesu/uru69.html,17/11,Uruguay 1969
/tablesu/uru83.html,16/6,Uruguay 1983
/tablesu/uru84.html,16/5,Uruguay 1984
/tablesu/uru85.html,15/4,Uruguay 1985
/tablesu/uru86.html,15/5,Uruguay 1986
/tablesu/uru87.html,15/4,Uruguay 1987
/tablesu/uru88.html,15/5,Uruguay 1988
/tablesu/uru89.html,15/4,Uruguay 1989
/tablesu/uru90.html,15/6,Uruguay 1990
/tablesu/uru91.html,15/6,Uruguay 1991
/tablesu/uru92.html,16/6,Uruguay 1992
/tablesu/uru93.html,15/5,Uruguay 1993
/tablesu/uru94.html,15/5,Uruguay 1994
/tablesu/uru95.html,15/7,Uruguay 1995
/tablesu/uru96.html,15/8,Uruguay 1996
/tablesu/uru97.html,15/8,Uruguay 1997
/tablesu/uru98.html,15/11,Uruguay 1998
/tablesu/uru99.html,18/11,Uruguay 1999 Championship
/tablesu/uruall.html,1/123,Uruguay - List of Relegated Teams
/tablesu/urualltime.html,1/123,Uruguay - All-Time 1932-2015
/tablesu/uruchamp.html,78/126,Uruguay - List of Champions
/tablesu/urucomb-arg59.html,1/4,Argentine Trip of Uruguayan Combined 1959
/tablesu/urucup96.html,2/2,Copa de Uruguay 1996
/tablesu/urucuphist.html,28/18,Uruguay - List of Cup Winners
/tablesu/uruexchamp.html,3/3,Uruguay - List of Champions División Extra
/tablesu/urufound.html,2/123,Uruguay - Foundation Dates of Clubs
/tablesu/uruguay-braztrip11.html,1/2,Brazilian Trip of Uruguayan Combined 1911
/tablesu/uruguay-comb-braztrip16.html,0/2,?
/tablesu/uruhist.html,49/118,Uruguay - List of Final Tables 1900-2000
/tablesu/uruhoncuphist.html,2/1,Uruguay - Copa de Honor - Additional Data
/tablesu/urulighist.html,2/3,Uruguay - Liguilla Pre-Libertadores All Results
/tablesu/uruliguillachamp.html,15/124,Uruguay - Liguilla Winners
/tablesu/uruoficlubdata.html,3/4,Uruguay - OFI (Interior) clubs data
/tablesu/urutops.html,1/122,Uruguay - League Top Scorers
/tablesu/urutops-allt.html,1/3,Uruguay - All-Time Topscorers
/tablesu/uruvenres.html,1/2,Uruguay - Venezuela matches
/tablesu/usa-3n-u23-96.html,0/2,?
/tablesu/usa-4nat-89.html,0/3,?
/tablesu/usa-allchamp.html,2/64,USA - List of League Champions (leaguewise)
/tablesu/usa-allcuphist.html,61/96,USA - List of Cup Winners
/tablesu/usa-bicentennial76.html,0/2,?
/tablesu/usa-in-eur1916.html,3/4,Scandinavian Tour of the United States Football Association (USFA) 1916
/tablesu/usa-intres.html,9/8,USA - International Results
/tablesu/usa-intres-det00.html,3/3,USA - Details of International Matches 2000-2002
/tablesu/usa-intres-det69.html,3/3,USA - Details of International Matches 1885-1969
/tablesu/usa-intres-det70.html,4/4,USA - Details of International Matches 1970-1979
/tablesu/usa-intres-det80.html,4/4,USA - Details of International Matches 1980-1989
/tablesu/usa-intres-det90.html,4/4,USA - Details of International Matches 1990-1994
/tablesu/usa-intres-det95.html,4/4,USA - Details of International Matches 1995-1999
/tablesu/usa-naiachamp.html,0/1,?
/tablesu/usa-ncaachamp.html,3/2,USA - List of NCAA College Soccer Champions
/tablesu/usa-ncaamchamp.html,0/2,?
/tablesu/usa-ncaawchamp.html,0/2,?
/tablesu/usa-nccaachamp.html,0/1,?
/tablesu/usa-njcaachamp.html,0/1,?
/tablesu/usa-northwest-senior.html,2/2,United States - Northwestern Senior League - List of Champions and Cup Winners
/tablesu/usa-overview-champ.html,1/64,USA - List of League Champions (yearwise)
/tablesu/usa-wktrip30.html,2/3,World Cup Trip of the United States 1930
/tablesu/usa-wom-intres.html,0/2,?
/tablesu/usa-wom01.html,3/3,United States (Women) 2001
/tablesu/usa-wom02.html,4/4,United States (Women) 2002
/tablesu/usa-wom03.html,4/4,United States (Women) 2003
/tablesu/usa-wom05.html,3/3,United States (Women) 2005
/tablesu/usa-wom06.html,3/3,United States (Women) 2006
/tablesu/usa-wom07.html,3/3,United States (Women) 2007
/tablesu/usa-wom08.html,3/3,United States (Women) 2008
/tablesu/usa-wom09.html,4/4,United States (Women) 2009
/tablesu/usa-wom2011.html,4/4,United States (Women) 2011
/tablesu/usa-wom2015.html,4/4,United States (Women) 2015
/tablesu/usa-wom2016.html,4/4,United States (Women) 2016
/tablesu/usa-wom2017.html,4/4,United States (Women) 2017
/tablesu/usa-wom2018.html,4/4,United States (Women) 2018
/tablesu/usa-wom2019.html,4/4,United States (Women) 2019
/tablesu/usa-wom2020.html,4/4,United States (Women) 2020
/tablesu/usa-wom2021.html,4/4,United States (Women) 2021
/tablesu/usa-wom2022.html,3/4,United States (Women) 2022
/tablesu/usa-womalltime.html,3/2,USA - Top Division Women's Soccer All-Time Tables
/tablesu/usa00.html,11/6,USA 2000
/tablesu/usa0001.html,11/5,USA 2000/01
/tablesu/usa01.html,11/6,USA 2001
/tablesu/usa0102.html,11/5,USA 2001/02
/tablesu/usa02.html,11/7,USA 2002
/tablesu/usa0203.html,10/5,USA 2002/03
/tablesu/usa03.html,11/7,USA 2003
/tablesu/usa0304.html,11/4,USA 2003/04
/tablesu/usa04.html,13/9,USA 2004
/tablesu/usa0405.html,11/5,USA 2004/05
/tablesu/usa04det.html,8/1,USA 2004
/tablesu/usa05.html,11/7,USA 2005
/tablesu/usa0506.html,11/5,USA 2005/06
/tablesu/usa06.html,11/7,USA 2006
/tablesu/usa0607.html,11/5,USA 2006/07
/tablesu/usa07.html,11/8,USA 2007
/tablesu/usa0708.html,11/5,USA 2007/08
/tablesu/usa08.html,11/6,USA 2008
/tablesu/usa0809.html,10/5,USA 2008/09
/tablesu/usa09.html,11/6,USA 2009
/tablesu/usa0910.html,10/2,USA 2009/10
/tablesu/usa1885.html,3/3,American Cup 1884/85
/tablesu/usa1886.html,4/4,American Cup 1885/86
/tablesu/usa1887.html,4/4,American Cup 1886/87
/tablesu/usa1888.html,4/4,American Cup 1887/88
/tablesu/usa1889.html,4/4,American Cup 1888/89
/tablesu/usa1890.html,4/4,American Cup 1889/90
/tablesu/usa1908.html,4/3,American Cup 1907/08
/tablesu/usa1909.html,4/3,American Cup 1908/09
/tablesu/usa1910.html,4/3,American Cup 1909/10
/tablesu/usa1911.html,4/4,United States 1910/11
/tablesu/usa1912.html,4/3,United States 1911/12
/tablesu/usa1913.html,4/4,United States 1912/13
/tablesu/usa2-04det.html,8/1,USA Lower Levels 2004
/tablesu/usa2010.html,12/9,USA 2010
/tablesu/usa2011.html,9/6,USA 2011
/tablesu/usa2012.html,9/6,USA 2012
/tablesu/usa2013.html,9/6,USA 2013
/tablesu/usa2014.html,9/6,USA 2014
/tablesu/usa2015.html,9/6,USA 2015
/tablesu/usa2016.html,9/6,USA 2016
/tablesu/usa2017.html,9/6,USA 2017
/tablesu/usa2018.html,9/6,USA 2018
/tablesu/usa2019.html,9/6,USA 2019
/tablesu/usa2020.html,10/5,USA 2020
/tablesu/usa2021.html,9/4,USA 2021
/tablesu/usa2022.html,9/6,USA 2022
/tablesu/usa2023.html,9/6,USA 2023
/tablesu/usa2024.html,9/6,USA 2024
/tablesu/usa2025.html,8/6,USA 2025
/tablesu/usa88.html,10/3,USA 1988
/tablesu/usa8889.html,10/4,USA 1988/89
/tablesu/usa89.html,11/5,USA 1989
/tablesu/usa8990.html,11/5,USA 1989/90
/tablesu/usa90.html,11/5,USA 1990
/tablesu/usa9091.html,11/5,USA 1990/91
/tablesu/usa91.html,11/5,USA 1991
/tablesu/usa9192.html,11/5,USA 1991/92
/tablesu/usa92.html,11/5,USA 1992
/tablesu/usa9293.html,11/5,USA 1992/93
/tablesu/usa93.html,11/5,USA 1993
/tablesu/usa9394.html,11/5,USA 1993/94
/tablesu/usa94.html,11/5,USA 1994
/tablesu/usa9495.html,11/5,USA 1994/95
/tablesu/usa95.html,11/8,USA 1995
/tablesu/usa9596.html,11/5,USA 1995/96
/tablesu/usa95stats.html,1/2,USA - National Team Stats 1995
/tablesu/usa96.html,11/10,USA 1996
/tablesu/usa9697.html,11/5,USA 1996/97
/tablesu/usa97.html,11/9,USA 1997
/tablesu/usa9798.html,11/5,USA 1997/98
/tablesu/usa98.html,11/9,USA 1998
/tablesu/usa9899.html,11/5,USA 1998/99
/tablesu/usa99.html,11/6,USA 1999
/tablesu/usa9900.html,11/5,USA 1999/2000
/tablesu/usaalltime.html,1/64,USA - MLS All-Time Table
/tablesu/usaambafr78.html,1/2,Sports Ambassadors (U.S.A.) tour of Africa 1978
/tablesu/usaberm65.html,0/2,?
/tablesu/usachamp.html,50/77,"USA - List of Champions of US Pro Soccer League, Division I"
/tablesu/usaconsulats.html,0/2,?
/tablesu/usacup00.html,2/2,USA Cup (USA Open Cup) 2000
/tablesu/usacup01.html,2/2,USA Cup (USA Open Cup) 2001
/tablesu/usacup02.html,2/2,USA Cup (USA Open Cup) 2002
/tablesu/usacup03.html,2/2,USA Cup (USA Open Cup) 2003
/tablesu/usacup04.html,2/2,USA Cup (USA Open Cup) 2004
/tablesu/usacup05.html,2/2,USA Cup (USA Open Cup) 2005
/tablesu/usacup06.html,2/2,USA Cup (USA Open Cup) 2006
/tablesu/usacup07.html,2/2,USA Cup (USA Open Cup) 2007
/tablesu/usacup08.html,2/2,USA Cup (USA Open Cup) 2008
/tablesu/usacup09.html,2/2,USA Cup (USA Open Cup) 2009
/tablesu/usacup1914.html,5/4,United States 1913/14
/tablesu/usacup1915.html,5/5,US American Cup and Open Cup 1914/15
/tablesu/usacup1916.html,4/4,American Cup 1915/16
/tablesu/usacup1917.html,4/4,American Cup 1916/17
/tablesu/usacup1918.html,4/4,American Cup 1917/18
/tablesu/usacup1919.html,4/4,American Cup 1918/19
/tablesu/usacup1920.html,4/4,American Cup 1919/20
/tablesu/usacup1923.html,4/4,American Cup 1922/23
/tablesu/usacup1924.html,4/5,American Cup 1923/24
/tablesu/usacup74.html,4/4,US Open Cup 1974
/tablesu/usacup75.html,4/4,US Open Cup 1975
/tablesu/usacup87.html,4/4,US Open Cup 1987
/tablesu/usacup88.html,4/4,US Open Cup 1988
/tablesu/usacup89.html,4/4,US Open Cup 1989
/tablesu/usacup90.html,4/4,US Open Cup 1990
/tablesu/usacup91.html,4/4,US Open Cup 1991
/tablesu/usacup92.html,4/3,US Open Cup 1992
/tablesu/usacup93.html,2/3,US Open Cup 1993
/tablesu/usacup94.html,2/2,US Open Cup 1994
/tablesu/usacup99.html,1/2,US Open Cup 1999
/tablesu/usacuphist.html,42/80,USA - List of US Open Cup Finals
/tablesu/usaef19.html,2/3,American Expeditionary Forces Championship 1919
/tablesu/usafound.html,6/4,United States - List of Foundation Dates prior to 1894
/tablesu/usalewis25-30.html,2/1,USA - Lewis American Cup 1925-1930
/tablesu/usamaagd-intres.html,1/2,US Virgin Islands - List of International Matches
/tablesu/usamaagd-wom2018.html,0/1,?
/tablesu/usamaagd-wom2024.html,3/1,US Virgin Islands (Women) 2024
/tablesu/usamaagd00.html,4/4,US Virgin Islands 1999/00
/tablesu/usamaagd01.html,4/3,US Virgin Islands 2000/01
/tablesu/usamaagd02.html,4/3,US Virgin Islands 2001/02
/tablesu/usamaagd03.html,4/3,US Virgin Islands 2002/03
/tablesu/usamaagd04.html,4/3,US Virgin Islands 2003/04
/tablesu/usamaagd05.html,4/3,US Virgin Islands 2004/05
/tablesu/usamaagd06.html,4/3,US Virgin Islands 2005/06
/tablesu/usamaagd07.html,4/3,US Virgin Islands 2006/07
/tablesu/usamaagd08.html,4/3,US Virgin Islands 2007/08
/tablesu/usamaagd09.html,4/4,US Virgin Islands 2008/09
/tablesu/usamaagd2010.html,4/3,US Virgin Islands 2009/10
/tablesu/usamaagd2011.html,4/3,US Virgin Islands 2010/11
/tablesu/usamaagd2012.html,4/3,US Virgin Islands 2011/12
/tablesu/usamaagd2013.html,4/3,US Virgin Islands 2012/13
/tablesu/usamaagd2014.html,4/3,US Virgin Islands 2013/14
/tablesu/usamaagd2015.html,4/3,US Virgin Islands 2014/15
/tablesu/usamaagd2016.html,4/3,US Virgin Islands 2015/16
/tablesu/usamaagd2017.html,4/3,US Virgin Islands 2016/17
/tablesu/usamaagd2019.html,4/4,US Virgin Islands 2018/19
/tablesu/usamaagd2020.html,4/4,US Virgin Islands 2019/20
/tablesu/usamaagd2023.html,4/4,US Virgin Islands 2022/23
/tablesu/usamaagd2024.html,4/4,US Virgin Islands 2024
/tablesu/usamaagd2025.html,3/5,US Virgin Islands 2025
/tablesu/usamaagd68.html,3/1,US Virgin Islands 1967/68
/tablesu/usamaagd69.html,4/3,US Virgin Islands 1968/69
/tablesu/usamaagd71.html,4/3,US Virgin Islands 1971
/tablesu/usamaagd72.html,4/3,US Virgin Islands 1972
/tablesu/usamaagd73.html,4/2,US Virgin Islands 1973
/tablesu/usamaagd74.html,4/3,US Virgin Islands 1974
/tablesu/usamaagd77.html,4/3,US Virgin Islands 1977
/tablesu/usamaagd78.html,4/3,US Virgin Islands 1978
/tablesu/usamaagd79.html,4/3,US Virgin Islands 1979
/tablesu/usamaagd80.html,4/3,US Virgin Islands 1980/81
/tablesu/usamaagd98.html,4/4,US Virgin Islands 1997/98
/tablesu/usamaagdchamp.html,33/37,US Virgin Islands - List of Champions
/tablesu/usamaagdfound.html,1/2,US Virgin Islands - List of Foundation Dates
/tablesu/usatops.html,1/3,USA - Leading Goalscorers in US Professional Soccer
/tablesu/usatops-allt.html,1/2,USA - All-Time Leading Goalscorers in US Professional Soccer
/tablesu/usau19-trin86.html,0/2,?
/tablesu/uscup.html,0/1,?
/tablesu/uscup00.html,0/1,?
/tablesu/uscup92.html,0/1,?
/tablesu/uscup93.html,0/1,?
/tablesu/uscup95.html,0/1,?
/tablesu/uscup96.html,0/1,?
/tablesu/uscup97.html,0/1,?
/tablesu/uscup99.html,0/1,?
/tablesu/ussr-argtrip82.html,0/3,?
/tablesu/ussr-india-tours55.html,0/2,?
/tablesu/ussr-intres.html,9/7,Soviet Union - List of International Matches
/tablesu/ussr-intres1135.html,3/4,Soviet Union - International Results 1911-1935 - Details
/tablesu/ussr-intres5259.html,4/6,Soviet Union - International Results 1952-1959 - Details
/tablesu/ussr-intres6069.html,4/5,Soviet Union - International Results 1960-1969 - Details
/tablesu/ussr-intres7079.html,4/5,Soviet Union - International Results 1970-1979 - Details
/tablesu/ussr-intres8089.html,4/5,Soviet Union - International Results 1980-1989 - Details
/tablesu/ussr-intres9099.html,4/6,Soviet Union/C.I.S./Russia - International Results 1990-1999 - Details
/tablesu/ussr-satrip66.html,0/2,?
/tablesu/ussr-satrip67.html,0/2,?
/tablesu/ussr-wc.html,0/2,?
/tablesu/ussr-wom90.html,5/4,Soviet Union 1990 Women
/tablesu/ussr-wom91.html,5/6,Soviet Union 1991 Women
/tablesu/ussr-womchamp.html,6/4,Soviet Union - List of Women Champions
/tablesu/ussr-womcuphist.html,3/4,Soviet Union - List of Women Cup Finals
/tablesu/ussralltime.html,1/1,USSR Championships 1936-1991 All-Time Table
/tablesu/ussramacuphist.html,1/3,USSR (Soviet Union) - List of Amateur Cup Finals
/tablesu/ussrchamp.html,72/75,USSR (Soviet Union) - List of Champions
/tablesu/ussrcuphist.html,53/58,USSR (Soviet Union) - List of Cup Finals
/tablesu/ussrcuphistfull.html,1/3,USSR (Soviet Union) - Cup History 1936-1992
/tablesu/ussrduit27.html,0/2,?
/tablesu/ussrhist.html,6/8,USSR (Soviet Union) - Final Tables 1924-1992
/tablesu/ussrintercities.html,3/4,USSR (Soviet Union) - Inter-City Championship
/tablesu/ussrstadkamp.html,8/10,City Championships of Russia and the USSR (Soviet Union)
/tablesu/ussrsupcuphist.html,4/6,USSR (Soviet Union) - List of Super Cup Finals
/tablesu/ussrtaleoftwocities.html,5/5,USSR (Soviet Union) - Championship of the Two Capitals
/tablesu/ussrtops.html,1/2,USSR (Soviet Union) - List of Topscrorers
/tablesu/ussrtops-allt.html,1/3,Soviet Union - All-Time Topscorers
/tablesu/uster05.html,1/1,"""3 Städte"" Blitzturnier in Uster (Switzerland)"
/tablesu/usterdrei2012.html,1/1,Drei-Städte-Turnier 2012 - Uster
/tablesu/utcajamarca.html,1/2,Club Universidad Técnica de Cajamarca
/tablesu/uusilahti2012.html,1/1,Uusi Lahti Cup 2012 - Lahti
/tablesu/uvayvino.html,1/2,Trofeo de la Uva y el Vino
/tablesu/uvayvinojuv.html,1/2,"Trofeo de La Uva y El Vino Juvenil (Daimiel, Ciudad Real)"
